{
	"Version": 3,
	"Parameters": [
		{
			"Id": "ParamAngleX",
			"GroupId": "ParamGroupFace",
			"Name": "角度 X"
		},
		{
			"Id": "ParamAngleY",
			"GroupId": "ParamGroupFace",
			"Name": "角度 Y"
		},
		{
			"Id": "ParamAngleZ",
			"GroupId": "ParamGroupFace",
			"Name": "角度 Z"
		},
		{
			"Id": "ParamCheek",
			"GroupId": "ParamGroupFace",
			"Name": "照れ"
		},
		{
			"Id": "ParamEyeLOpen",
			"GroupId": "ParamGroupEyes",
			"Name": "左目　開閉"
		},
		{
			"Id": "ParamEyeLSmile",
			"GroupId": "ParamGroupEyes",
			"Name": "左目　笑顔"
		},
		{
			"Id": "ParamEyeROpen",
			"GroupId": "ParamGroupEyes",
			"Name": "右目　開閉"
		},
		{
			"Id": "ParamEyeRSmile",
			"GroupId": "ParamGroupEyes",
			"Name": "右目　笑顔"
		},
		{
			"Id": "ParamEyeBallX",
			"GroupId": "ParamGroupEyeballs",
			"Name": "目玉 X"
		},
		{
			"Id": "ParamEyeBallY",
			"GroupId": "ParamGroupEyeballs",
			"Name": "目玉 Y"
		},
		{
			"Id": "ParamBrowLY",
			"GroupId": "ParamGroupBrows",
			"Name": "左眉　上下"
		},
		{
			"Id": "ParamBrowRY",
			"GroupId": "ParamGroupBrows",
			"Name": "右眉　上下"
		},
		{
			"Id": "ParamBrowLX",
			"GroupId": "ParamGroupBrows",
			"Name": "左眉　左右"
		},
		{
			"Id": "ParamBrowRX",
			"GroupId": "ParamGroupBrows",
			"Name": "右眉　左右"
		},
		{
			"Id": "ParamBrowLAngle",
			"GroupId": "ParamGroupBrows",
			"Name": "左眉　角度"
		},
		{
			"Id": "ParamBrowRAngle",
			"GroupId": "ParamGroupBrows",
			"Name": "右眉　角度"
		},
		{
			"Id": "ParamBrowLForm",
			"GroupId": "ParamGroupBrows",
			"Name": "左眉　変形"
		},
		{
			"Id": "ParamBrowRForm",
			"GroupId": "ParamGroupBrows",
			"Name": "右眉　変形"
		},
		{
			"Id": "ParamMouthForm",
			"GroupId": "ParamGroupMouth",
			"Name": "口　変形"
		},
		{
			"Id": "ParamMouthOpenY",
			"GroupId": "ParamGroupMouth",
			"Name": "口　開閉"
		},
		{
			"Id": "ParamBodyAngleX",
			"GroupId": "ParamGroupBody",
			"Name": "体の回転　X"
		},
		{
			"Id": "ParamBodyAngleY",
			"GroupId": "ParamGroupBody",
			"Name": "体の回転　Y"
		},
		{
			"Id": "ParamBodyAngleZ",
			"GroupId": "ParamGroupBody",
			"Name": "体の回転　Z"
		},
		{
			"Id": "ParamBreath",
			"GroupId": "ParamGroupBody",
			"Name": "呼吸"
		},
		{
			"Id": "ParamShoulder",
			"GroupId": "ParamGroupBody",
			"Name": "肩　すくみ"
		},
		{
			"Id": "ParamLeg",
			"GroupId": "ParamGroupBody",
			"Name": "あし"
		},
		{
			"Id": "ParamArmLA",
			"GroupId": "ParamGroupArms",
			"Name": "左腕 A"
		},
		{
			"Id": "ParamArmRA",
			"GroupId": "ParamGroupArms",
			"Name": "右腕 A"
		},
		{
			"Id": "ParamArmLB",
			"GroupId": "ParamGroupArms",
			"Name": "左腕 B"
		},
		{
			"Id": "ParamArmRB",
			"GroupId": "ParamGroupArms",
			"Name": "右腕 B"
		},
		{
			"Id": "ParamHandLB",
			"GroupId": "ParamGroupArms",
			"Name": "左手B 回転"
		},
		{
			"Id": "ParamHandRB",
			"GroupId": "ParamGroupArms",
			"Name": "右手B 回転"
		},
		{
			"Id": "ParamHandL",
			"GroupId": "ParamGroupArms",
			"Name": "左手"
		},
		{
			"Id": "ParamHandR",
			"GroupId": "ParamGroupArms",
			"Name": "右手"
		},
		{
			"Id": "ParamBustY",
			"GroupId": "ParamGroupSway",
			"Name": "胸　揺れ"
		},
		{
			"Id": "ParamHairAhoge",
			"GroupId": "ParamGroupSway",
			"Name": "髪揺れ　アホ毛"
		},
		{
			"Id": "ParamHairFront",
			"GroupId": "ParamGroupSway",
			"Name": "髪揺れ　前"
		},
		{
			"Id": "ParamHairBack",
			"GroupId": "ParamGroupSway",
			"Name": "髪揺れ　後"
		},
		{
			"Id": "ParamSideupRibbon",
			"GroupId": "ParamGroupSway",
			"Name": "髪飾りの揺れ"
		},
		{
			"Id": "ParamRibbon",
			"GroupId": "ParamGroupSway",
			"Name": "胸リボンの揺れ"
		},
		{
			"Id": "ParamSkirt",
			"GroupId": "ParamGroupSway",
			"Name": "スカートの揺れ"
		},
		{
			"Id": "ParamSkirt2",
			"GroupId": "ParamGroupSway",
			"Name": "スカートめくれ"
		},
		{
			"Id": "Param_Angle_Rotation_1_ArtMesh62",
			"GroupId": "ParamGroup2",
			"Name": "[0]サイドアップ左"
		},
		{
			"Id": "Param_Angle_Rotation_2_ArtMesh62",
			"GroupId": "ParamGroup2",
			"Name": "[1]サイドアップ左"
		},
		{
			"Id": "Param_Angle_Rotation_3_ArtMesh62",
			"GroupId": "ParamGroup2",
			"Name": "[2]サイドアップ左"
		},
		{
			"Id": "Param_Angle_Rotation_4_ArtMesh62",
			"GroupId": "ParamGroup2",
			"Name": "[3]サイドアップ左"
		},
		{
			"Id": "Param_Angle_Rotation_5_ArtMesh62",
			"GroupId": "ParamGroup2",
			"Name": "[4]サイドアップ左"
		},
		{
			"Id": "Param_Angle_Rotation_6_ArtMesh62",
			"GroupId": "ParamGroup2",
			"Name": "[5]サイドアップ左"
		},
		{
			"Id": "Param_Angle_Rotation_7_ArtMesh62",
			"GroupId": "ParamGroup2",
			"Name": "[6]サイドアップ左"
		},
		{
			"Id": "Param_Angle_Rotation_1_ArtMesh61",
			"GroupId": "ParamGroup",
			"Name": "[0]サイドアップ右"
		},
		{
			"Id": "Param_Angle_Rotation_2_ArtMesh61",
			"GroupId": "ParamGroup",
			"Name": "[1]サイドアップ右"
		},
		{
			"Id": "Param_Angle_Rotation_3_ArtMesh61",
			"GroupId": "ParamGroup",
			"Name": "[2]サイドアップ右"
		},
		{
			"Id": "Param_Angle_Rotation_4_ArtMesh61",
			"GroupId": "ParamGroup",
			"Name": "[3]サイドアップ右"
		},
		{
			"Id": "Param_Angle_Rotation_5_ArtMesh61",
			"GroupId": "ParamGroup",
			"Name": "[4]サイドアップ右"
		},
		{
			"Id": "Param_Angle_Rotation_6_ArtMesh61",
			"GroupId": "ParamGroup",
			"Name": "[5]サイドアップ右"
		},
		{
			"Id": "Param_Angle_Rotation_7_ArtMesh61",
			"GroupId": "ParamGroup",
			"Name": "[6]サイドアップ右"
		},
		{
			"Id": "Param_Angle_Rotation_1_ArtMesh55",
			"GroupId": "ParamGroup4",
			"Name": "[0]前髪左"
		},
		{
			"Id": "Param_Angle_Rotation_2_ArtMesh55",
			"GroupId": "ParamGroup4",
			"Name": "[1]前髪左"
		},
		{
			"Id": "Param_Angle_Rotation_3_ArtMesh55",
			"GroupId": "ParamGroup4",
			"Name": "[2]前髪左"
		},
		{
			"Id": "Param_Angle_Rotation_4_ArtMesh55",
			"GroupId": "ParamGroup4",
			"Name": "[3]前髪左"
		},
		{
			"Id": "Param_Angle_Rotation_5_ArtMesh55",
			"GroupId": "ParamGroup4",
			"Name": "[4]前髪左"
		},
		{
			"Id": "Param_Angle_Rotation_6_ArtMesh55",
			"GroupId": "ParamGroup4",
			"Name": "[5]前髪左"
		},
		{
			"Id": "Param_Angle_Rotation_7_ArtMesh55",
			"GroupId": "ParamGroup4",
			"Name": "[6]前髪左"
		},
		{
			"Id": "Param_Angle_Rotation_1_ArtMesh54",
			"GroupId": "ParamGroup3",
			"Name": "[0]前髪右"
		},
		{
			"Id": "Param_Angle_Rotation_2_ArtMesh54",
			"GroupId": "ParamGroup3",
			"Name": "[1]前髪右"
		},
		{
			"Id": "Param_Angle_Rotation_3_ArtMesh54",
			"GroupId": "ParamGroup3",
			"Name": "[2]前髪右"
		},
		{
			"Id": "Param_Angle_Rotation_4_ArtMesh54",
			"GroupId": "ParamGroup3",
			"Name": "[3]前髪右"
		},
		{
			"Id": "Param_Angle_Rotation_5_ArtMesh54",
			"GroupId": "ParamGroup3",
			"Name": "[4]前髪右"
		},
		{
			"Id": "Param_Angle_Rotation_6_ArtMesh54",
			"GroupId": "ParamGroup3",
			"Name": "[5]前髪右"
		},
		{
			"Id": "Param_Angle_Rotation_7_ArtMesh54",
			"GroupId": "ParamGroup3",
			"Name": "[6]前髪右"
		}
	],
	"ParameterGroups": [
		{
			"Id": "ParamGroupFace",
			"GroupId": "",
			"Name": "顔"
		},
		{
			"Id": "ParamGroupEyes",
			"GroupId": "",
			"Name": "目"
		},
		{
			"Id": "ParamGroupEyeballs",
			"GroupId": "",
			"Name": "目玉"
		},
		{
			"Id": "ParamGroupBrows",
			"GroupId": "",
			"Name": "眉"
		},
		{
			"Id": "ParamGroupMouth",
			"GroupId": "",
			"Name": "口"
		},
		{
			"Id": "ParamGroupBody",
			"GroupId": "",
			"Name": "体"
		},
		{
			"Id": "ParamGroupArms",
			"GroupId": "",
			"Name": "腕"
		},
		{
			"Id": "ParamGroupSway",
			"GroupId": "",
			"Name": "揺れ"
		},
		{
			"Id": "ParamGroup2",
			"GroupId": "",
			"Name": "揺れ　サイドアップ左"
		},
		{
			"Id": "ParamGroup",
			"GroupId": "",
			"Name": "揺れ　サイドアップ右"
		},
		{
			"Id": "ParamGroup4",
			"GroupId": "",
			"Name": "揺れ　前髪左"
		},
		{
			"Id": "ParamGroup3",
			"GroupId": "",
			"Name": "揺れ　前髪右"
		}
	],
	"Parts": [
		{
			"Id": "PartCore",
			"Name": "コア"
		},
		{
			"Id": "PartCheek",
			"Name": "頬"
		},
		{
			"Id": "PartBrow",
			"Name": "まゆ毛"
		},
		{
			"Id": "PartEye",
			"Name": "目"
		},
		{
			"Id": "PartNose",
			"Name": "鼻"
		},
		{
			"Id": "PartMouth",
			"Name": "口"
		},
		{
			"Id": "PartFace",
			"Name": "顔"
		},
		{
			"Id": "PartEar",
			"Name": "耳"
		},
		{
			"Id": "PartHairSide",
			"Name": "横髪"
		},
		{
			"Id": "PartHairFront",
			"Name": "前髪"
		},
		{
			"Id": "PartHairBack",
			"Name": "後ろ髪"
		},
		{
			"Id": "PartNeck",
			"Name": "首"
		},
		{
			"Id": "PartArmA",
			"Name": "腕 A"
		},
		{
			"Id": "PartArmB",
			"Name": "腕 B"
		},
		{
			"Id": "PartBody",
			"Name": "体"
		},
		{
			"Id": "PartBackground",
			"Name": "背景"
		},
		{
			"Id": "PartSketch",
			"Name": "[ 下絵 ]"
		},
		{
			"Id": "PartEyeBall",
			"Name": "目玉"
		},
		{
			"Id": "ArtMesh55_Skinning",
			"Name": "前髪左(スキニング)"
		},
		{
			"Id": "Part4",
			"Name": "前髪左(回転)"
		},
		{
			"Id": "ArtMesh54_Skinning",
			"Name": "前髪右(スキニング)"
		},
		{
			"Id": "Part3",
			"Name": "前髪右(回転)"
		},
		{
			"Id": "ArtMesh61_Skinning",
			"Name": "サイドアップ右(スキニング)"
		},
		{
			"Id": "Part",
			"Name": "サイドアップ右(回転)"
		},
		{
			"Id": "ArtMesh62_Skinning",
			"Name": "サイドアップ左(スキニング)"
		},
		{
			"Id": "Part2",
			"Name": "サイドアップ左(回転)"
		}
	],
	"CombinedParameters": [
		[
			"ParamAngleX",
			"ParamAngleY"
		],
		[
			"ParamMouthForm",
			"ParamMouthOpenY"
		]
	]
}